Период, Ключевая ставка %, Реальный выпуск кв/кв ln(x/100), Индекс потребительских цен кв/кв ln(x/100), Номинальный курс кв/кв ln(x/100), Реальный курс кв/кв ln(x/100), Доля расходов бюджета в ВВП ln(x/100), Доходы бюджета кв/кв ln(x/100), Потребление домохозяйств кв/кв ln(x/100), Государственные закупки кв/кв ln(x/100), Валовые внутренние инвестиции кв/кв ln(x/100), Импорт кв/кв ln(x/100), Экспорт кв/кв ln(x/100), Уровень занятости кв/кв ln(x/100)
period,zzobs_r_G,zzobs_dY,zzobs_dPC,zzobs_dNFX,zzobs_dRFX,zzobs_SP_PY,zzobs_dInc,zzobs_dC,zzobs_dG,zzobs_dI,zzobs_dIM,zzobs_dEX,zzobs_dL
189Q3,7.759779699999999,0.007581277,0.001564169,-0.017078449,0.000285243,-0.816680889,-0.11349748,0.019333582,0.006672786,-0.024560115,0.000104829,0.034915283,-0.005935376
189Q4,9.8462175,0.025794414,0.027582329,-0.349049499,-0.358969891,-0.803886466,0.12935683,0.085967168,0.013954971,-0.03345449,0.019404048,0.040615251,-0.014145505
190Q1,9.9917381,0.018642732,0.015532315,-0.265413414,-0.261660674,-0.794492831,0.018800696,0.054822603,0.041553516,-0.035474173,0.020092188,0.026732086,0.004387341
190Q2,10.0404029,0.023760766,0.013985729,-0.011937256,-0.004125446,-0.802922309,-0.019959503,0.071782438,0.030290724,-0.016526537,0.03893861,0.033894839,0.004223861
190Q3,7.7519527,0.006965712,0.007580598,-0.084898257,-0.076632387,-0.779745886,0.008943079,0.026180906,0.048098099,-0.01673805,0.048186273,0.027916258,0.00011762
190Q4,11.2751327,0.042778322,0.032435477,-0.3552415,-0.367398805,-0.795875739,0.151649581,0.123469234,0.031316106,0.014918011,0.076940569,0.034792793,0.009379096
191Q1,15.7016789,0.071699723,0.033446795,-0.228356881,-0.242899704,-0.803091454,0.12052201,0.163404699,0.056749997,-0.00540382,0.041714527,0.033005885,0.029560287
191Q2,16.534111000000003,0.076796878,0.015501259,0.099675561,0.100940366,-0.844132948,-0.005512707,0.142603459,0.057846944,-0.007657483,0.020166591,0.054763652,0.062097863
191Q3,14.990546299999998,0.063015221,0.008638713,-0.162433145,-0.152541953,-0.83361159,0.012123925,0.097826393,0.049545173,-0.008556779,-0.008463521,0.0357904,0.036109632
191Q4,13.098120899999998,0.04716282,0.006120713,-0.066086796,-0.058999605,-0.841465603,-0.034588004,0.105311214,0.029384183,-0.011248133,0.012734219,0.02596087,0.033754162
192Q1,14.1269453,0.06373034,0.019826315,-0.077830385,-0.082020996,-0.852899254,0.091421804,0.133758396,0.042970809,-0.01993665,0.007158813,0.036139918,0.019400385
192Q2,13.368266400000001,0.044810971,0.007715669,0.003211984,0.01564329,-0.820469428,-0.033908435,0.082299313,0.052162556,-0.010956941,0.017965518,0.029140392,0.022860354
192Q3,15.148621700000001,0.059424443,0.020316294,-0.033318172,-0.034662284,-0.814118281,0.117124048,0.107879094,0.049804337,-0.012920536,0.008025049,0.039199111,0.001802257
192Q4,16.1909253,0.061611582,0.019206444,-0.194857123,-0.194328088,-0.821434064,-0.027526844,0.147791627,0.032584897,-0.033815372,-0.002508621,0.02820171,0.018662569
193Q1,13.7103077,0.053515251,-0.0002121,0.154844125,0.17754903,-0.847923864,-0.042810322,0.083947213,0.036117161,0.039054679,0.042958424,0.037443301,0.035320962
193Q2,11.209116700000001,0.033538029,0.001536759,-0.162761685,-0.146459569,-0.795560601,-0.007845413,0.027428609,0.038085343,0.051521112,0.05273449,0.036514094,0.029695133
193Q3,10.0734364,0.026409563,0.007008947,-0.191439571,-0.182749492,-0.762736743,0.125789145,0.031751272,0.07103473,0.057645599,0.095869197,0.013337785,0.006618404
193Q4,12.1640768,0.037738662,0.025628713,-0.301926368,-0.311146062,-0.785063807,0.141881087,0.08725013,0.042704723,-0.019485452,0.010923299,0.008691503,0.005079616
194Q1,12.1641821,0.04394065,0.012984611,-0.104398351,-0.106047189,-0.793625767,0.030772432,0.057578135,0.063124505,-0.040776987,-0.042228916,0.003877395,0.021886868
194Q2,10.366178,0.047281843,0.009141026,0.103632457,0.108165372,-0.834511587,0.05321498,0.041687741,0.040581814,-0.017293318,-0.071963937,-0.015527042,0.014473234
194Q3,10.476092600000001,0.057417108,0.012929139,-0.246294263,-0.246967747,-0.781193049,0.028199326,0.03481668,0.064200794,-0.018721278,-0.073179094,0.004876852,-0.00664535
194Q4,10.3838774,0.025590323,0.010277507,0.045208342,0.049589529,-0.829988982,-0.069892599,0.03100481,0.022929184,-0.029949709,-0.055922262,-0.014637182,-0.024852496
195Q1,9.7425772,0.025066208,0.013340289,-0.128145943,-0.125014044,-0.800335257,0.056764695,0.010643961,0.053143566,-0.001080151,-0.009908195,-0.002421986,-0.013680286
195Q2,9.2552991,0.016400388,0.011731347,-0.027106943,-0.024796525,-0.803930762,0.067491839,0.000259848,0.044804234,0.014142903,0.008315981,-0.007076073,-0.048641476
195Q3,8.8282568,0.020042021,0.017224999,0.078376326,0.072350386,-0.826200921,0.017197,-0.001505687,0.032591739,-0.000321536,-0.023771321,0.001161972,-0.046953949
195Q4,7.1878734,0.015613597,0.007354503,0.186705942,0.191748839,-0.820262229,0.080585934,-0.010642102,0.062535908,0.020767115,0.034056876,0.012730748,-0.063507674
196Q1,5.7665017999999995,0.011139954,0.001440071,0.026080727,0.038785589,-0.791949151,0.047264558,-0.051814065,0.065896161,0.072568972,0.075615928,0.03186089,-0.055381027
196Q2,5.9688848000000005,0.022336011,0.015344382,-0.137631477,-0.137222268,-0.75588599,0.174964461,-0.033941518,0.070683422,0.064347013,0.059801629,0.031484643,-0.049008135
196Q3,3.7447097,-0.019879259,-0.003751668,0.069092744,0.090217718,-0.771604637,-0.051494358,-0.112928808,0.052848279,0.059278428,0.078302441,0.047878031,-0.036279745
196Q4,2.2777037,-0.016504979,0.005187983,0.033193852,0.045328813,-0.783483968,0.178119579,-0.083040813,0.035862656,0.069374163,0.098406742,0.05288179,-0.010807582
197Q1,1.4431716,-0.015562009,0.012164025,-0.153727776,-0.151164693,-0.709481124,0.124094492,-0.099042055,0.045471356,0.069627722,0.082662926,0.04262585,-0.021170068
197Q2,0.7472603,-0.00846426,0.013540986,-0.059702776,-0.060360885,-0.709248564,0.08158111,-0.096819782,0.044466637,0.059439241,0.060861034,0.052275728,0.003346622
197Q3,0.1285483,-0.030876456,0.01096367,-0.080219017,-0.073947838,-0.719555845,-0.018036123,-0.125146754,0.034172301,0.037706104,0.050856972,0.041483438,-0.03878922
197Q4,0.0778232,-0.019092443,0.016459846,-0.417073284,-0.418112902,-0.702933857,0.130355514,-0.101133936,0.046216299,0.016163685,0.040393375,0.055949023,-0.056971155
198Q1,2.1776742000000002,-0.002134671,0.025104531,-0.171872855,-0.178709429,-0.738577359,0.069831011,-0.063742039,0.037827635,0.005464982,0.00883127,0.045202324,-0.032273202
198Q2,0.4208835,-0.010183808,0.004311737,0.190586896,0.205294321,-0.767991735,-4.27E-05,-0.082594007,0.042115783,0.054686293,0.074070791,0.055732664,-0.006654613
198Q3,0.6808237,-0.011534854,0.014748118,-0.036209202,-0.032765473,-0.759042475,0.153671849,-0.107162907,0.039541465,0.078206986,0.070855256,0.046143122,-0.02734762
198Q4,2.2285083,0.000449611,0.018857806,-0.076040496,-0.07364581,-0.796372731,0.138243799,-0.056993853,0.01640047,0.071308125,0.061761959,0.045202444,-0.005911357
199Q1,4.418624899999999,0.013006617,0.026234561,-0.039445496,-0.044519151,-0.809892939,0.136283691,-0.062368662,0.037276556,0.03391065,0.005202903,0.05012177,-0.029396523
199Q2,6.2278697,0.020053411,0.02324149,-0.124610681,-0.128923233,-0.796192665,0.163567157,-0.05252192,0.042072879,-0.020103705,-0.06486088,0.037681565,0.002427549
199Q3,4.994214100000001,-0.008945461,0.001935739,0.287991039,0.304983828,-0.821845658,-0.119759358,-0.110885149,0.032709364,-0.004608666,-0.02814311,0.05719197,-0.020770786
199Q4,3.6027739000000003,-0.012450789,0.004702371,-0.101003869,-0.088089136,-0.791457218,0.179565001,-0.092605283,0.031814746,0.042433838,0.043384493,0.048318993,0.009678753
200Q1,1.2604316,-0.025169592,0.005262087,-0.322628702,-0.312615655,-0.757354221,0.103894635,-0.10073768,0.045391073,0.062606703,0.102677583,0.050960075,-0.026022126
200Q2,1.8174903,-0.00681223,0.011275594,0.059988933,0.063753859,-0.838191499,0.142681171,-0.02691777,0.019188812,0.06421467,0.092906743,0.02644587,-0.002004762
200Q3,1.5383368,-0.013214817,0.009025095,-0.039168345,-0.028240805,-0.779882951,0.123800812,-0.059850821,0.036685794,0.068528481,0.090152293,0.015904933,-0.002867098
200Q4,1.847371,-0.008723998,0.007704386,-0.013141896,-0.006265657,-0.831682114,0.101962468,-0.025838314,0.007066726,0.081311003,0.098547396,0.012707169,0.012093573
201Q1,1.3844611,-0.014801256,0.008420181,0.109802354,0.11740518,-0.79010909,0.124649926,-0.04609767,0.015617462,0.076678243,0.102048853,0.022007968,0.031735205
201Q2,1.5709833999999998,-0.000172824,0.006699449,0.054536447,0.069040731,-0.790349052,0.121192268,-0.04258275,0.023526462,0.066036111,0.065480328,0.024793378,0.042512624
201Q3,1.3025451000000001,-0.002405197,0.006240061,0.262836311,0.272123543,-0.802049449,0.033067532,-0.057978075,0.018718733,0.050677469,0.038060628,0.029356475,0.007230767
201Q4,2.2053317999999997,0.012860707,0.016504806,0.017745842,0.019274122,-0.817583188,0.135572834,-0.026391665,0.005114062,0.047968591,0.018969979,0.034617988,0.009709576
202Q1,2.3720985,0.002567106,0.0046655,0.281910463,0.297006377,-0.84388723,-0.000247901,-0.038989716,0.009205649,0.034066001,0.024743408,0.040585785,0.000316104
202Q2,4.5216173,0.023353639,0.019822649,0.05556198,0.049963247,-0.829089329,0.154217102,-0.002221339,0.005415236,0.015233646,-0.018695362,0.035219211,0.016011286
202Q3,4.3469335,0.010913019,0.01208928,0.137748696,0.143637624,-0.805493129,-0.046886889,-0.032604822,0.022982071,-0.043023098,-0.070021765,0.026879172,0.001094243
202Q4,7.2088808,0.028762365,0.020551528,0.152374668,0.147393859,-0.848368141,0.048502499,0.012024667,0.001344196,-0.056604912,-0.106715025,0.023618139,0.01738679
203Q1,7.2900307,0.038499771,0.010403178,-0.041267069,-0.034553849,-0.835153252,0.04904414,-0.01489092,0.023678667,-0.043627627,-0.121847902,0.027898554,0.045056838
203Q2,8.201207100000001,0.030451832,0.015951514,-0.181793569,-0.179868251,-0.780700715,0.046721088,-0.013578704,0.062779025,-0.066966643,-0.111613717,-0.00462383,0.018726932
203Q3,5.5816512,0.013789346,-0.001653172,-0.037259996,-0.013328346,-0.78974959,-0.050109734,-0.051086261,0.04831532,-0.032962487,-0.079268985,-0.000377873,-0.004719447
203Q4,5.4081323,0.004597432,0.001950095,-0.045675591,-0.023703773,-0.821065677,-0.016107477,-0.037579012,0.018701362,0.002212455,-0.033084497,-0.005159919,0.030827109
204Q1,3.792146,-0.011492378,0.000562227,-0.210286304,-0.193465401,-0.773826769,0.063727677,-0.086396916,0.044866479,0.025929165,0.011757952,0.001129416,0.008444648
204Q2,4.384602800000001,0.005726341,0.012228008,-0.029486636,-0.021048818,-0.813587666,0.063967693,-0.021515231,0.020048058,0.029734831,0.009011851,-0.008007689,0.018635797
204Q3,2.9846952,-0.005540533,0.000603303,0.093927437,0.114908406,-0.829985338,-0.03258335,-0.087669183,0.017028515,0.069977994,0.01826127,-0.000454086,0.037744899
204Q4,4.0907234,0.003517538,0.020920928,-0.17166865,-0.175253124,-0.82483603,0.189277411,-0.031167762,-0.008783495,0.055478207,0.002511596,-0.017432625,0.012198665
205Q1,4.9350277,0.01329449,0.015657955,-0.074000201,-0.073419026,-0.832688371,0.062807791,-0.03616318,0.004437052,0.073185012,0.012931015,-0.001780311,0.036870696
205Q2,5.5759484,0.003390421,0.015306277,-0.04397516,-0.044753477,-0.816663132,-0.012311833,-0.035848681,-0.035267527,0.005560376,-0.077529088,-0.015762115,0.003984984
205Q3,4.9422873,0.012161089,0.011136016,0.095921056,0.099059848,-0.781166606,-0.045231675,-0.060603524,0.010578751,-0.003657235,-0.077872377,0.011669318,0.011698419
205Q4,4.1624924,-0.004171788,0.003733808,-0.061487733,-0.051145407,-0.779089082,-0.087235648,-0.078362675,0.019203421,-0.012991207,-0.063547425,0.000330495,-0.025357285
206Q1,3.6184842,0.004137364,0.009731378,-0.212808915,-0.207856438,-0.791110544,0.039378127,-0.06983566,0.011251371,0.026356733,-0.031496311,0.015077513,-0.013426928
206Q2,4.3664978,-0.00974346,0.017088759,-0.073091922,-0.072317212,-0.744833766,-0.106507986,-0.074972528,0.016499537,-0.020235705,-0.06009944,-0.005916651,-0.03790287
206Q3,5.7694754,-0.001125152,0.019645307,-0.165698761,-0.167183963,-0.787277743,0.025095316,-0.043599918,-0.012300554,-0.011302553,-0.068861288,-0.010227544,-0.015105979
206Q4,5.7044299,-0.008494926,0.011331259,0.014566329,0.023219283,-0.764223872,-0.099767,-0.047949676,-0.002305499,-0.031618105,-0.07126342,-0.015784794,-0.023571158
207Q1,4.3210397,-0.002036377,0.000913005,0.322418093,0.341678034,-0.777250631,-0.027361484,-0.058560954,0.016488127,-0.006393313,-0.032378108,0.020713836,-0.001925916
207Q2,3.8088337,0.001792524,0.011249466,-0.019613797,-0.018214957,-0.719050948,0.025419043,-0.065985817,0.034647869,-0.004977764,-0.039815116,0.008146263,-0.010060898
207Q3,4.814679,0.006743586,0.011419481,0.083468364,0.088057866,-0.775002761,-0.024567594,-0.029986311,0.019832925,-0.020357275,-0.031957754,0.032041855,0.000230751
207Q4,4.8595573000000005,0.009298073,0.012342673,0.036058035,0.042400453,-0.775174385,0.080157917,-0.031037927,0.032011649,-0.003859387,-0.022807389,0.012782982,-0.014099248
208Q1,6.5749895,0.025329682,0.018085765,-0.023391761,-0.021894781,-0.780165987,0.079483042,-0.008302726,0.046076848,-0.018217367,-0.030331824,0.036170607,0.006323993
208Q2,4.9154581,0.002644382,0.00563961,0.040063583,0.052014424,-0.75608588,0.030299074,-0.047324789,0.036517281,-0.034114718,-0.041555972,0.028038633,0.027039132
208Q3,3.0617619,0.003937053,-0.003167865,0.113031569,0.134590871,-0.807192095,-0.010311019,-0.039405455,0.036661552,-0.011763358,0.008748128,0.063469243,-0.001450081
208Q4,2.7596874000000002,0.005772087,0.01085707,-0.050560478,-0.046925111,-0.773327938,0.072967546,-0.053644987,0.035078341,0.014187639,0.015065856,0.060455126,-0.021474894
209Q1,3.899104,0.007253443,0.020681087,-0.134555493,-0.143974842,-0.794479692,0.065837805,-0.009326689,0.01556671,-0.002309605,0.016920143,0.055224762,-0.000145065
209Q2,6.8397135,0.017627536,0.027447848,-0.292904401,-0.308235552,-0.758345195,0.109419541,-0.012858193,0.038047302,0.004270709,0.011821142,0.052161064,-0.003094253
209Q3,7.717835000000001,0.010602528,0.016523224,-0.105408196,-0.104400988,-0.80589318,-0.054845325,-0.002078523,0.005281609,-0.03789786,-0.031513232,0.055711201,0.008201793
209Q4,7.0202275,-0.000730427,0.005313372,-0.008901634,0.00384684,-0.797566262,0.037769665,-0.058615631,0.042478055,0.000846968,0.018450223,0.060282609,-0.008686261
210Q1,6.994551899999999,-0.006325351,0.01386865,-0.183260316,-0.181890892,-0.791454319,0.056029293,-0.042574001,0.010705997,-0.028454231,-0.025463914,0.035983374,-0.026198937
210Q2,8.627031,0.009684688,0.022656299,-0.125589533,-0.128974329,-0.801155105,-0.003708504,-0.021504023,0.001414678,-0.034567179,-0.053294143,0.046876381,-0.036242481
210Q3,8.130224,0.011265616,0.006206223,0.098866718,0.10702602,-0.824674358,0.078663464,-0.055363362,0.027436804,0.00810657,-0.017659582,0.053852264,0.02434298
210Q4,5.1152340999999995,-0.01538436,0.004259552,0.03394544,0.042519564,-0.784486734,-0.024908812,-0.112063393,0.010399247,0.036383575,0.008083442,0.050445721,-0.029207574
211Q1,5.0894361,-0.014967707,0.015981945,-0.156080588,-0.159959234,-0.753169763,0.077928327,-0.090508952,0.019983786,0.021555413,0.004346366,0.024115654,-0.025302119
211Q2,5.6741338,-0.00275993,0.021458325,-0.266876959,-0.2798369,-0.755509922,0.151608764,-0.084524034,0.03511517,0.051255281,0.033797895,0.039439961,-0.043119692
211Q3,6.4583366,0.00720675,0.015554546,-0.021898333,-0.022702291,-0.752300462,-0.003970344,-0.058137432,0.043408466,0.055610473,0.046201364,0.039304527,-0.009906076
211Q4,6.0928676,-8.73E-05,0.01595157,-0.184761452,-0.180819256,-0.759796707,0.092307979,-0.093968805,0.041949081,0.026728493,-0.009342015,0.028793625,-0.016256475
212Q1,5.2238105,0.000186577,0.008348036,-0.098741965,-0.089095611,-0.75384703,0.044959518,-0.076288045,0.039689416,0.040511019,0.02476562,0.03622606,-0.043461496
212Q2,4.3848972,-0.012306265,0.01573919,0.029258715,0.033332382,-0.792479491,-0.063573805,-0.075127394,-0.005783681,0.020634259,-0.013526635,0.019063113,-0.071837793
212Q3,4.5970291,0.004772035,0.012765963,-0.035194784,-0.033417285,-0.784227775,0.089470452,-0.064622929,0.034689305,0.031937493,-0.004310966,0.01096111,-0.04245427
212Q4,4.6318608999999995,-0.007583845,0.014097048,-0.029436665,-0.024587173,-0.782064342,-0.095067712,-0.07098886,0.004749927,0.02968045,-0.013674863,0.000758233,-0.083254773
213Q1,3.4863825,-0.00319978,0.01077778,-0.126847976,-0.119847,-0.814787133,0.083549613,-0.079322306,0.020423723,0.038160257,-0.00700925,0.006129917,-0.044871971
213Q2,4.1453701,0.010452942,0.022579845,-0.353875347,-0.356243786,-0.730289477,0.057637235,-0.081394542,0.049696622,0.026733941,-0.037707575,-0.005317081,-0.068956094
213Q3,4.045567,0.00457861,0.009531022,0.170830681,0.177776165,-0.810791496,-0.116609144,-0.05950393,0.022234741,-0.001054996,-0.055126304,-0.005357173,-0.037024772
213Q4,2.4060816,-0.008532863,0.003489293,0.219190348,0.236083954,-0.820971319,-0.028959013,-0.094584134,0.01902439,0.036056055,-0.011857587,0.006287282,-0.042511561
214Q1,2.7032081,0.004841262,0.01569142,-0.250670423,-0.246920193,-0.767601934,0.164778553,-0.061412116,0.034613432,0.025033447,-0.006486316,0.014905985,-0.032276687
214Q2,2.285247,-0.00228828,0.010025023,0.153968522,0.160748944,-0.842765295,0.011026505,-0.051074804,0.018211619,0.046719215,0.030659148,0.014284881,-0.037111159
214Q3,2.2847652,-0.007623777,0.005806269,0.105785829,0.118059856,-0.831077749,0.085718887,-0.066141414,0.028070836,0.056561188,0.050207691,0.017068086,-0.029058498
214Q4,1.837418,-0.009209267,0.008250277,0.063044042,0.076104682,-0.837555788,0.091022106,-0.058081673,0.01809206,0.071817359,0.075823893,0.026590376,-0.054056701
215Q1,3.9701825000000004,0.001001829,0.022761847,0.108614705,0.106646423,-0.841182927,0.086422014,-0.010921754,0.000855378,0.041199539,0.046814732,0.024244977,-0.03137251
215Q2,5.340112100000001,0.023713797,0.018583807,0.107699952,0.107432637,-0.845659184,0.080056923,-0.012212334,0.018475841,0.04894275,0.02045502,0.038734082,0.011838737
215Q3,5.8131166,0.015030553,0.008037687,0.212818754,0.226976254,-0.83518931,-0.004108047,-0.026263011,0.023166052,0.060799677,0.049558245,0.045403979,0.004577863
215Q4,5.5512160999999995,0.01409892,0.008575992,0.087247518,0.09407637,-0.803624453,0.055844231,-0.033503852,0.034086339,0.072880391,0.074591712,0.057446913,-0.015412833
216Q1,6.033703399999999,0.02473009,0.018089412,0.184912047,0.186742932,-0.860180806,0.054513198,0.017753729,0.003581184,0.03851756,0.042196116,0.07013002,0.010309329
216Q2,7.603832100000001,0.040236007,0.01608988,0.125442486,0.128276009,-0.86263799,0.165919017,0.019632036,0.042110538,0.060172832,0.056926073,0.062772371,0.017523771
216Q3,8.8465079,0.046915916,0.016176961,0.238886471,0.24153276,-0.898702007,0.046288239,0.039022943,0.017877146,0.044042414,0.017598677,0.0575912,0.05705641
216Q4,9.424379,0.051328799,0.012127223,0.344648648,0.356061736,-0.924694385,0.036234758,0.01999164,-0.007544469,0.05798982,-0.011387498,0.070041934,0.007370088
217Q1,10.978409899999999,0.058595132,0.011390414,0.286357618,0.300006629,-0.91260837,-0.009632567,0.069398821,0.022797679,0.021363027,0.003964349,0.06824336,0.019720829
217Q2,9.849324900000001,0.048894165,0.006944142,0.392213808,0.4090581,-0.919411447,-0.027603108,0.064465,0.007258266,0.017702632,0.004042583,0.064458927,0.03210594
217Q3,8.9530176,0.031811421,0.003360349,0.155645278,0.174114612,-0.896082553,0.022861937,0.042775312,0.018278803,-0.000767255,0.015233937,0.064078488,0.042824552
217Q4,8.9351399,0.031762537,0.008393382,0.242496694,0.251000071,-0.883570164,0.044034528,0.029574914,0.016659883,0.014785333,0.012610628,0.055403991,0.023599125
218Q1,10.5914289,0.04099385,0.017415176,0.046556608,0.045653044,-0.869313299,0.128335136,0.079073289,0.016625432,-0.009425793,0.015246446,0.061562432,0.031902918
218Q2,11.4403564,0.055902879,0.010737108,0.381607526,0.390857856,-0.869521187,-0.105273802,0.070576546,0.01626184,0.012495162,0.002075438,0.077089354,0.027630539
218Q3,10.7423671,0.036167702,0.007641703,0.18949766,0.203951495,-0.849466827,-6.29E-05,0.054046714,0.002879347,-0.004087175,-0.006129137,0.05656266,0.020205512
218Q4,9.3502563,0.027665254,-0.000328693,0.247449087,0.271286811,-0.898202383,-0.055843499,0.082729226,-0.004235016,0.028772682,0.088859286,0.082855847,-0.012572869
219Q1,9.5268425,0.023201692,0.008907256,0.258205512,0.273861308,-0.892281635,-0.002605422,0.096190894,-0.004652704,0.04519994,0.12321204,0.070438964,0.008108015
219Q2,10.195693799999999,0.033001504,0.018342314,-0.176082786,-0.174253399,-0.834172269,0.182622106,0.102155678,0.026176392,0.009699199,0.092566469,0.070798469,0.023793383
219Q3,8.5720827,0.021455747,-0.002432465,0.370299382,0.390423316,-0.88485157,-0.17319161,0.064340507,0.003517286,0.022317708,0.07300351,0.06106802,0.048071377
219Q4,8.9602294,0.028391975,0.010284579,0.015780383,0.027254294,-0.853426009,0.114954036,0.081634373,0.002881892,-0.009222457,0.039230378,0.063558941,0.02651665
220Q1,8.351787,0.033298256,0.003705506,-0.015832315,-0.002034854,-0.844637694,0.044519805,0.077971451,0.033917406,0.010467741,0.063776218,0.051282063,0.031861046
220Q2,8.179632,0.017099789,0.00585835,0.229076768,0.240812113,-0.848022559,-0.069809362,0.067422683,-0.008965911,-0.010490896,0.04171988,0.062596571,0.02572605
220Q3,6.596916899999999,0.018680968,0.003324519,0.100050686,0.113108436,-0.881810632,0.00257627,0.052897148,-0.000289387,-0.013290075,0.03062899,0.067051436,-0.000817572
220Q4,5.9644478,0.01029148,0.003657654,0.181237195,0.194106534,-0.877104547,-0.014997597,0.047423826,-0.016571954,-0.002626701,0.040868986,0.061849196,0.00946377
221Q1,4.8520305,0.000198722,0.008174659,-0.197990406,-0.191787796,-0.854273386,0.006668056,0.047561487,-0.023340481,-0.012892339,0.045899332,0.055770061,-0.006354928
221Q2,6.7751829,0.026667526,0.021645346,-0.265160186,-0.270862934,-0.869237394,0.05407159,0.096424208,-0.016656896,-0.030711207,0.011540015,0.052878604,0.026972191
221Q3,8.4390682,0.035162212,0.018331532,-0.043888777,-0.043404334,-0.861554079,-0.098997836,0.074610225,-0.016266426,-0.025111845,-0.02061798,0.059931466,0.030495115
221Q4,7.8717501,0.031273732,0.00216122,-0.080234144,-0.06989446,-0.844432088,-0.138090594,0.078124753,-0.003725411,-0.025465168,0.001834681,0.057931568,0.04113627
222Q1,7.343337399999999,0.015351598,0.00187272,-0.127456766,-0.11479351,-0.821715035,-0.042769015,0.050334654,0.017731183,-0.017305465,0.060002406,0.087364572,0.032162475
222Q2,8.0525572,0.037403543,0.014429353,-0.32177613,-0.322284515,-0.827303112,0.053428792,0.124943556,0.006682453,-0.016692985,0.064433139,0.080686364,0.056488212
222Q3,8.3501069,0.059634786,0.011675111,-0.060740687,-0.053260085,-0.860769973,-0.001724451,0.129030213,0.031925136,-0.002977546,0.048534452,0.080286638,0.074162683
222Q4,7.0856969,0.03957081,0.009340005,0.100562191,0.111716554,-0.853516138,-0.05659872,0.095777621,0.027047543,-0.024276008,0.049350289,0.096609337,0.080575331
223Q1,7.881010400000001,0.033179187,0.006265966,0.005812416,0.017027098,-0.833415283,0.013834293,0.053320807,0.03259763,0.012093265,0.051510165,0.069321275,0.069807622
223Q2,7.4735821,0.02742555,0.014036258,-0.226177575,-0.222206674,-0.775792782,0.060544272,0.070170031,0.026760698,-0.047435869,0.013966604,0.070745699,0.072308048
223Q3,6.43567,0.021480325,0.005756163,-0.19250218,-0.178108651,-0.802429401,-0.044486118,0.018459264,0.008823313,-0.027799333,-0.03062094,0.046324248,0.046608429
223Q4,7.3509582,0.029830099,0.010509511,-0.141381266,-0.133397225,-0.778083789,0.0930024,0.052200902,0.046404735,-0.022793727,0.025763325,0.057423418,0.070212316
224Q1,5.2941459,-0.000922329,0.002722751,-0.076011283,-0.062567136,-0.753942971,-0.039475337,0.007179273,0.044980182,-0.001393167,0.076290563,0.049078714,0.051530588
224Q2,5.1998962,0.004364487,0.012684826,-0.252467105,-0.244829365,-0.770568913,0.193837325,0.034214802,0.036121399,0.029727984,0.11009988,0.040223751,0.035251127
224Q3,5.4988841,-0.001646725,0.013312135,-0.199204883,-0.192252898,-0.716624075,0.085254729,0.012782901,0.046896347,0.014504594,0.095724877,0.037973358,0.025547537
224Q4,6.3475459,-0.001432852,0.016399282,-0.097597791,-0.091508865,-0.740594219,0.129914496,0.023548738,0.043786869,0.016909513,0.105569778,0.037829095,0.026521899
225Q1,6.8730283000000005,0.014268498,0.014233944,-0.147133007,-0.142734318,-0.775913443,0.137136716,0.024047629,0.023036181,0.034777037,0.070912468,0.042835017,0.024521531
225Q2,6.8886430999999995,-0.001340986,0.016427398,-0.209425595,-0.204448829,-0.762609955,0.028375075,-0.010836161,0.014992214,-0.00840395,0.009321561,0.021020241,-0.004548296
225Q3,6.397987,-0.004006243,0.004382517,-0.043739185,-0.029144304,-0.770306599,-0.008744848,-0.025974311,0.004512727,0.004158634,0.005202192,0.019990356,-0.016559166
225Q4,4.048624599999999,-0.007981877,0.003678873,-0.085658116,-0.0706316,-0.774542667,0.015669909,-0.04315284,0.003338669,0.007512039,0.004046752,0.024927188,0.000895249
226Q1,1.7318763000000001,-0.042675502,0.000947946,-0.361953805,-0.33708174,-0.731438084,0.01718277,-0.047132994,0.000733387,-0.005961264,0.074850856,0.031229419,-0.02455059
226Q2,3.5217882,-0.00333643,0.01997977,-0.290740494,-0.289624468,-0.746937447,0.14064784,0.007646387,0.024955168,0.025286461,0.073329454,0.014158042,0.004500468
226Q3,2.3011846,-0.0046851,0.007511761,-0.179070564,-0.167630815,-0.751753467,0.043758228,-0.05361271,0.045682229,0.046947427,0.06344902,0.023120016,0.014989591
226Q4,3.9347799,0.012860481,0.022617871,-0.2139412,-0.221247096,-0.772429529,0.070705054,-0.001158048,0.006620317,0.034021121,0.019679878,0.017812486,0.013415021
227Q1,3.6501721000000003,0.009934071,0.009194678,-0.029944815,-0.021966397,-0.832663367,0.056577853,-0.028855256,0.020150318,0.046831934,0.028323912,0.022549146,0.001051195
227Q2,7.3350266,0.02865517,0.026670521,-0.159616214,-0.16796338,-0.817905594,0.110452589,0.038379017,0.007906715,0.049171963,0.043170018,0.029670923,0.008966169
227Q3,7.9130795,0.015370744,0.017086353,0.06431171,0.060465436,-0.824821715,0.056521244,-0.001865955,0.023203923,0.034366844,0.041502885,0.041272562,-0.037997748
227Q4,6.646444499999999,-0.002888178,0.001482837,0.349664425,0.365560419,-0.845926237,-0.005012399,-0.048380599,0.030836239,0.036144397,0.042267962,0.027552646,-0.019401674
228Q1,6.3755927,-0.027633122,0.005680629,-0.037029762,-0.021420313,-0.771111875,0.094655608,-0.070718103,0.042477379,0.038713036,0.102707405,0.039050564,-0.075202199
228Q2,4.8060159,-0.047208962,0.00487554,0.044448867,0.063039625,-0.78515372,0.022459321,-0.062553934,0.007020919,0.044082547,0.129139174,0.028522528,-0.092580645
228Q3,2.9904405,-0.054572626,0.004479893,0.046459558,0.06375163,-0.754724953,0.003141221,-0.110778463,0.001037524,0.054883743,0.118806368,0.047847617,-0.102091232
228Q4,1.6406245,-0.052256046,0.006735918,-0.141650373,-0.122121397,-0.718807187,0.075327307,-0.114239769,0.00371415,0.081724304,0.132641546,0.034214979,-0.095362088
229Q1,-1.5542983,-0.074076096,-0.007264233,0.043118473,0.07370629,-0.774395,0.02747391,-0.160087121,-0.005103826,0.097279102,0.155689502,0.040026919,-0.080380389
229Q2,-4.6114976,-0.083059497,-0.001122517,-0.087627975,-0.063967808,-0.751890873,0.114437871,-0.148445216,-0.006825632,0.116802131,0.198561959,0.022082837,-0.081025015
229Q3,-3.9744962000000004,-0.079061667,0.010082929,-0.242083896,-0.231237196,-0.72548513,0.172048815,-0.144099306,-0.008698891,0.095455501,0.160760139,0.010158437,-0.061998503
229Q4,-2.6503788,-0.054843233,0.012937977,-0.149254537,-0.139959869,-0.74087983,0.128645059,-0.136791826,-0.006383884,0.103464531,0.118744743,0.012450275,-0.024386369
230Q1,-3.9884379999999995,-0.069952245,-0.002283506,0.217489781,0.236086562,-0.797239758,-0.017296683,-0.147652183,-0.027015167,0.096004633,0.120281293,0.012093006,-0.040804774
230Q2,0.086851,-0.058495198,0.034304583,-0.265501997,-0.282256481,-0.772689599,0.164167324,-0.075883486,-0.025803935,0.016543442,0.070306232,0.0016739,-0.094431585
230Q3,3.7740441,-0.02634945,0.03028816,-0.097414684,-0.110210841,-0.788127141,0.083941534,-0.033193952,-0.028648261,0.048938982,0.057036914,-0.0089288,-0.049293332
230Q4,6.6670359999999995,-0.008087637,0.025671162,0.066981285,0.056920716,-0.848115614,-0.018728043,-0.026779672,-0.046431659,0.02958562,-0.018548337,-0.008058695,-0.03380386
231Q1,7.294808499999999,-0.019894594,0.013170034,0.104180618,0.106721456,-0.810859636,-0.074112326,-0.059089236,-0.042308297,-0.000518341,-0.047420506,-0.004826099,-0.036863121
231Q2,5.3004137,-0.021631443,0.004727948,0.192715928,0.205843327,-0.813587169,-2.41E-05,-0.066424921,-0.009576083,0.033784562,0.015508179,-0.00406522,-0.026181416
231Q3,3.4817621,-0.041823335,-0.000389581,0.166573312,0.181905416,-0.808609336,-0.027128212,-0.0562232,-0.001949537,0.049687953,0.107543042,0.007857623,-0.048945107
231Q4,4.0551337,-0.022577518,0.005586792,0.165092767,0.177569057,-0.834298993,0.0501524,-0.064443473,-0.009418247,0.072082546,0.057483886,-0.01056824,-0.016852627
232Q1,2.9950152,-0.035678522,0.002595014,-0.22353157,-0.210997096,-0.782435095,-0.012253507,-0.070878103,-0.022055486,0.050663615,0.060147626,0.005733463,-0.028034677
232Q2,1.5380823,-0.039068672,-0.001588608,0.145132521,0.1707917,-0.835564939,-0.09462055,-0.073270667,-0.031202829,0.041670815,0.044476402,-0.001357799,-0.024822501
232Q3,1.3625019,-0.015282609,0.008067557,0.12202826,0.130399664,-0.849770174,0.017796509,-0.061471759,-0.04457112,0.050160936,-0.022678096,-0.028190319,-0.020479422
232Q4,2.944112,-0.010368209,0.015027928,-0.215904903,-0.224534249,-0.804414127,0.046419476,-0.023911133,-0.014787462,0.026459475,-0.001030754,-0.032559636,-0.019098349
233Q1,3.9526995,-0.000844714,0.009380728,0.254540135,0.258394443,-0.846412013,-0.144771121,0.005155472,-0.043402193,0.011019854,-0.031573616,-0.02205949,0.031291737
233Q2,4.7691471,0.00611891,0.010743502,0.261339778,0.265077551,-0.865740816,-0.08315873,-0.003878008,-0.052189547,-0.042330555,-0.122277793,-0.020339522,0.02765854
233Q3,4.032164600000001,0.008686996,-0.001152378,0.286746875,0.303904485,-0.893459207,-0.024640734,0.008035161,-0.03765006,-0.009560825,-0.060663554,-0.006373507,0.042604161
233Q4,3.7674088,0.012750753,0.004370636,0.231585894,0.24629178,-0.909241917,0.00146496,0.057196951,-0.039335069,0.000796746,-0.010531929,-0.002252899,0.02505478
234Q1,6.131592100000001,0.020324834,0.019267365,0.126373412,0.124198653,-0.87120557,0.027121336,0.046932879,-0.04753958,-0.03323628,-0.092860616,-0.017485071,0.037573935
234Q2,6.3654999000000005,0.011352292,0.00228875,0.114976067,0.126474046,-0.876253442,-0.047980769,0.045517415,-0.042784439,-0.023559737,-0.043471624,0.004817474,0.0848444
234Q3,5.3660626,0.011477238,0.004248,0.033688,0.049202454,-0.873948474,0.03700726,0.062485367,-0.018970896,-0.017555238,-0.009095421,-0.009829741,0.023975268
234Q4,5.6113611,0.00591605,0.00436137,0.190082025,0.207547522,-0.930114759,-0.048233851,0.096294657,-0.036049704,-0.041622107,-0.005579979,-0.014644549,0.01147019
235Q1,7.0207636,0.034722553,0.016645271,-0.048115511,-0.043385443,-0.918504817,0.120702089,0.123983891,-0.018854316,-0.021263675,-0.008930017,-0.005514279,0.039594207
235Q2,8.460791400000002,0.029254997,0.013139679,0.026416671,0.032338449,-0.902089075,-0.084954073,0.094201922,-0.034932375,-0.031232964,-0.050596847,-0.008342707,0.018765169
235Q3,9.8344267,0.041830173,0.014081662,0.184969153,0.193093465,-0.921903771,-0.010244939,0.150881587,-0.036411849,-0.049992235,-0.04225298,0.001885164,0.052699391
235Q4,9.2090812,0.017759283,0.000217856,0.37537145,0.394350871,-0.889498164,-0.227935361,0.06315363,-0.046616355,-0.024776171,-0.03464107,0.025196874,0.005722526
236Q1,10.3959989,0.032989029,0.015794374,0.071558992,0.07612146,-0.898025437,-0.053441299,0.132532244,-0.051161442,-0.045016661,-0.036635513,0.015936966,0.002294258
236Q2,10.3865961,0.021757705,0.006945286,0.120824642,0.134464234,-0.895604154,-0.118943487,0.109060083,-0.03766072,-0.046193554,-0.031584985,-0.001670661,0.012696174
236Q3,7.385261699999999,-0.01085321,-0.008168031,0.233310033,0.264341981,-0.885761787,-0.158303118,0.042501634,-0.033117769,-0.027024496,0.017164948,0.009597484,0.020846318
236Q4,6.879303200000001,-0.00866961,0.007241373,-0.137882126,-0.125432679,-0.825306156,0.068543394,0.070537221,-0.0183198,-0.031855906,0.047754646,0.011523235,-0.033973609
237Q1,6.265050199999999,-0.021636452,0.002601725,-0.022335962,-0.005013066,-0.808923355,-0.039415792,0.041809743,0.004227975,-0.026998807,0.092043305,0.036253569,-0.054030458
237Q2,5.9302602,-0.023256376,0.008789007,0.002078143,0.013297905,-0.832419075,0.015853891,0.053828516,-0.02783943,-0.027649888,0.073538688,0.026191998,-0.033823123
237Q3,3.218942,-0.032284863,-0.004777437,-0.083933337,-0.056505643,-0.798234758,-0.051085922,-0.012417178,-0.021958219,-0.019242738,0.048060456,0.03017116,-0.024069143
237Q4,2.6576425,-0.038539566,0.010941149,-0.3222197,-0.314896052,-0.754524072,-0.041661319,-0.002675534,-0.03508396,-0.034213035,0.040174515,0.020692172,-0.045163709
238Q1,2.9458243,-0.031820258,0.011090297,-0.339265636,-0.333300566,-0.739343998,-0.000656954,-0.018272601,-0.018919631,-0.018933415,0.035848728,0.016575972,-0.056909222
238Q2,3.8798091,-0.024057892,0.010493839,-0.32196776,-0.314556273,-0.764908582,-0.145563731,-0.004685916,-0.024599446,-0.010925799,0.028852779,0.00921817,-0.033352154
238Q3,4.9607506,-0.016499089,0.016009114,-0.505220528,-0.498990147,-0.731874074,0.026955273,0.012924601,0.013410654,-0.021257759,0.048752703,0.009680453,-0.048635044
238Q4,6.0295681,-0.004482825,0.011957517,-0.212363262,-0.19862111,-0.772705256,-0.018178638,0.036170565,0.008820341,-0.018987343,0.033798848,3.26E-05,-0.019439261
239Q1,5.391987899999999,0.002424419,0.008227265,-0.031595301,-0.014294741,-0.82024588,-0.026772858,0.046370043,-0.019043116,-0.014793207,0.012791359,0.009708097,-0.010648069
239Q2,5.3227348,-0.009040981,0.006344699,0.103028231,0.121336444,-0.796872819,-0.041422349,0.016690963,-0.00538118,-0.039342773,0.005492171,0.022253378,0.010868838
